{"AndroidX annotation experimental library": {"length": 10691, "start": 45}, "AndroidX lifecycle common library": {"length": 10694, "start": 10877}, "AndroidX lifecycle livedatacore library": {"length": 10694, "start": 10877}, "AndroidX lifecycle runtime library": {"length": 10694, "start": 10877}, "AndroidX tracing library": {"length": 10694, "start": 10877}, "Animal Sniffer": {"length": 1096, "start": 32296}, "Checker Framework Annotations": {"length": 1892, "start": 33426}, "Error Prone": {"length": 11357, "start": 35334}, "Guava JDK5": {"length": 11358, "start": 46748}, "Guava JDK7": {"length": 11362, "start": 58121}, "J2ObjC": {"length": 11358, "start": 46748}, "JSR 305": {"length": 1602, "start": 80828}, "JSpecify": {"length": 11358, "start": 46748}, "JsInterop Annotations": {"length": 11307, "start": 69509}, "SafeParcelable library": {"length": 11358, "start": 46748}, "apksig": {"length": 10695, "start": 21582}}