{"AndroidX annotation experimental library": {"length": 10691, "start": 45}, "AndroidX lifecycle common library": {"length": 10694, "start": 10877}, "AndroidX lifecycle livedatacore library": {"length": 10694, "start": 10877}, "AndroidX lifecycle runtime library": {"length": 10694, "start": 10877}, "AndroidX tracing library": {"length": 10694, "start": 10877}, "Animal Sniffer": {"length": 1096, "start": 132844}, "Checker Framework Annotations": {"length": 1892, "start": 133974}, "Dagger": {"length": 11358, "start": 21690}, "Error Prone": {"length": 11357, "start": 33064}, "ExoPlayer": {"length": 11358, "start": 21690}, "Google Auto": {"length": 11358, "start": 21690}, "Gson": {"length": 11358, "start": 21690}, "Guava JDK5": {"length": 11358, "start": 21690}, "Guava JDK7": {"length": 11362, "start": 44436}, "J2ObjC": {"length": 11358, "start": 21690}, "JSR 250": {"length": 11358, "start": 21690}, "JSR 305": {"length": 1602, "start": 135878}, "JSR 330": {"length": 11365, "start": 55810}, "JsInterop Annotations": {"length": 11307, "start": 67201}, "Kotlin": {"length": 102807, "start": 137491}, "SafeParcelable library": {"length": 11358, "start": 21690}, "Tink": {"length": 11358, "start": 21690}, "Volley": {"length": 11358, "start": 21690}, "admob": {"length": 11361, "start": 78518}, "apksig": {"length": 10695, "start": 89890}, "conscrypt": {"length": 11358, "start": 21690}, "customtabsclient": {"length": 10141, "start": 100606}, "mp4parser": {"length": 12834, "start": 110761}, "p2putils": {"length": 9217, "start": 123608}}