{"AndroidX lifecycle common library": {"length": 10694, "start": 115}, "AndroidX lifecycle livedatacore library": {"length": 10694, "start": 115}, "AndroidX lifecycle runtime library": {"length": 10694, "start": 115}, "Animal Sniffer": {"length": 1096, "start": 21534}, "Checker Framework Annotations": {"length": 1892, "start": 22664}, "Error Prone": {"length": 11357, "start": 24572}, "Guava JDK5": {"length": 11358, "start": 35976}, "Guava JDK7": {"length": 11362, "start": 47349}, "J2ObjC": {"length": 11358, "start": 35976}, "JSR 305": {"length": 1602, "start": 70056}, "JsInterop Annotations": {"length": 11307, "start": 58737}, "SafeParcelable library": {"length": 11358, "start": 35976}, "apksig": {"length": 10695, "start": 10820}}