{"AndroidX lifecycle common library": {"length": 10694, "start": 115}, "AndroidX lifecycle livedatacore library": {"length": 10694, "start": 115}, "AndroidX lifecycle runtime library": {"length": 10694, "start": 115}, "Animal Sniffer": {"length": 1096, "start": 10828}, "Checker Framework Annotations": {"length": 1846, "start": 11958}, "Error Prone": {"length": 11357, "start": 13820}, "Google Auto": {"length": 11358, "start": 25246}, "Guava JDK5": {"length": 11358, "start": 25246}, "Guava JDK7": {"length": 11362, "start": 36619}, "J2ObjC": {"length": 11358, "start": 25246}, "JSR 250": {"length": 11358, "start": 25246}, "JSR 305": {"length": 1602, "start": 70703}, "JSR 330": {"length": 11365, "start": 47993}, "JsInterop Annotations": {"length": 11307, "start": 59384}, "SafeParcelable library": {"length": 11358, "start": 25246}}