{"AndroidX lifecycle common library": {"length": 10694, "start": 115}, "AndroidX lifecycle livedatacore library": {"length": 10694, "start": 115}, "AndroidX lifecycle runtime library": {"length": 10694, "start": 115}, "Animal Sniffer": {"length": 1096, "start": 21534}, "Checker Framework Annotations": {"length": 1892, "start": 22664}, "Dagger": {"length": 11358, "start": 24620}, "Error Prone": {"length": 11357, "start": 35994}, "Guava JDK5": {"length": 11358, "start": 24620}, "Guava JDK7": {"length": 11362, "start": 47366}, "J2ObjC": {"length": 11358, "start": 24620}, "JSR 250": {"length": 11358, "start": 24620}, "JSR 305": {"length": 1602, "start": 81450}, "JSR 330": {"length": 11365, "start": 58740}, "JsInterop Annotations": {"length": 11307, "start": 70131}, "SafeParcelable library": {"length": 11358, "start": 24620}, "apksig": {"length": 10695, "start": 10820}}